{
  "project_info": {
    "project_number": "313529514676",
    "project_id": "desafio4digitalhouse",
    "storage_bucket": "desafio4digitalhouse.appspot.com"
  },
  "client": [
    {
      "client_info": {
        "mobilesdk_app_id": "1:313529514676:android:35ce7152f44ba5aaa275e1",
        "android_client_info": {
          "package_name": "com.example.desafio4digitalhouse_firebase"
        }
      },
      "oauth_client": [
        {
          "client_id": "313529514676-v4cnni8m86eopoa8voftbaj178bm3ord.apps.googleusercontent.com",
          "client_type": 3
        }
      ],
      "api_key": [
        {
          "current_key": "AIzaSyASV0t4Pz-PUymY-xaJvp4IrrvLEcOczDw"
        }
      ],
      "services": {
        "appinvite_service": {
          "other_platform_oauth_client": [
            {
              "client_id": "313529514676-v4cnni8m86eopoa8voftbaj178bm3ord.apps.googleusercontent.com",
              "client_type": 3
            }
          ]
        }
      }
    }
  ],
  "configuration_version": "1"
}